{
  "Alice": 382.73999999999995,
  "Bob": 295.51,
  "Charls": 281.18000000000006,
  "Dark": 240.57000000000002
}