{
  "Alice": 396.06999999999994,
  "Bob": 317.71,
  "Charls": 281.18000000000006,
  "Dark": 227.24
}